dateTime,unixTime,lux
2018-02-17 15:33:52.136822,1518849232.13682,0.0
2018-02-17 15:38:52.136820,1518849532.13682,12.252973367011306
2018-02-17 15:43:52.136820,1518849832.13682,22.24881065290047
2018-02-17 15:48:52.136820,1518850132.13682,32.786679018875134
2018-02-17 15:53:52.136820,1518850432.13682,39.66893181726388
2018-02-17 15:58:52.136820,1518850732.13682,61.11691634505972
2018-02-17 16:03:52.136820,1518851032.13682,56.9214151927723
2018-02-17 16:08:52.136820,1518851332.13682,64.3502886293013
2018-02-17 16:13:52.136820,1518851632.13682,68.61290379899361
2018-02-17 16:18:52.136820,1518851932.13682,91.9697952709663
2018-02-17 16:23:52.136820,1518852232.13682,86.58387161364743
2018-02-17 16:28:52.136820,1518852532.13682,99.23062685907335
2018-02-17 16:33:52.136820,1518852832.13682,103.08230120706634
2018-02-17 16:38:52.136820,1518853132.13682,161.13037106925572
2018-02-17 16:43:52.136820,1518853432.13682,116.76658194163218
2018-02-17 16:48:52.136820,1518853732.13682,128.1511682156074
2018-02-17 16:53:52.136820,1518854032.13682,136.56978962052165
2018-02-17 16:58:52.136820,1518854332.13682,190.8252786411971
2018-02-17 17:03:52.136820,1518854632.13682,204.624310102683
2018-02-17 17:08:52.136820,1518854932.13682,201.60406797121354
2018-02-17 17:13:52.136820,1518855232.13682,221.2974218530418
2018-02-17 17:18:52.136820,1518855532.13682,210.84289007198575
2018-02-17 17:23:52.136820,1518855832.13682,239.0411554059457
2018-02-17 17:28:52.136820,1518856132.13682,260.9269536160591
2018-02-17 17:33:52.136820,1518856432.13682,196.97642737977114
2018-02-17 17:38:52.136820,1518856732.13682,277.09798846160385
2018-02-17 17:43:52.136820,1518857032.13682,266.6721515884504
2018-02-17 17:48:52.136820,1518857332.13682,284.6858973417084
2018-02-17 17:53:52.136820,1518857632.13682,267.87426594887563
2018-02-17 17:58:52.136820,1518857932.13682,272.310188569622
2018-02-17 18:03:52.136820,1518858232.13682,337.9099706972848
2018-02-17 18:08:52.136820,1518858532.13682,249.2267920877109
2018-02-17 18:13:52.136820,1518858832.13682,310.25102421418194
2018-02-17 18:18:52.136820,1518859132.13682,320.76878778363164
2018-02-17 18:23:52.136820,1518859432.13682,276.5982931280572
2018-02-17 18:28:52.136820,1518859732.13682,355.5141763457982
2018-02-17 18:33:52.136820,1518860032.13682,369.97553435117817
2018-02-17 18:38:52.136820,1518860332.13682,310.5506191459973
2018-02-17 18:43:52.136820,1518860632.13682,393.0487238443598
2018-02-17 18:48:52.136820,1518860932.13682,326.3092133451811
2018-02-17 18:53:52.136820,1518861232.13682,372.024620814717
2018-02-17 18:58:52.136820,1518861532.13682,416.68979482338466
2018-02-17 19:03:52.136820,1518861832.13682,368.0397399984249
2018-02-17 19:08:52.136820,1518862132.13682,328.56893783307845
2018-02-17 19:13:52.136820,1518862432.13682,445.46796571613004
2018-02-17 19:18:52.136820,1518862732.13682,375.32336675617944
2018-02-17 19:23:52.136820,1518863032.13682,423.9412121388301
2018-02-17 19:28:52.136820,1518863332.13682,373.10627574247394
2018-02-17 19:33:52.136820,1518863632.13682,520.9501053457205
2018-02-17 19:38:52.136820,1518863932.13682,498.98541221402326
2018-02-17 19:43:52.136820,1518864232.13682,469.03502770638926
2018-02-17 19:48:52.136820,1518864532.13682,491.5264050525628
2018-02-17 19:53:52.136820,1518864832.13682,473.0809499216667
2018-02-17 19:58:52.136820,1518865132.13682,538.5722233718684
2018-02-17 20:03:52.136820,1518865432.13682,478.2746339667183
2018-02-17 20:08:52.136820,1518865732.13682,408.62881745061446
2018-02-17 20:13:52.136820,1518866032.13682,474.8555118173134
2018-02-17 20:18:52.136820,1518866332.13682,499.4951597194666
2018-02-17 20:23:52.136820,1518866632.13682,607.1853538387348
2018-02-17 20:28:52.136820,1518866932.13682,567.054600317715
2018-02-17 20:33:52.136820,1518867232.13682,431.67643260072003
2018-02-17 20:38:52.136820,1518867532.13682,504.5012976369251
2018-02-17 20:43:52.136820,1518867832.13682,498.5625953500292
2018-02-17 20:48:52.136820,1518868132.13682,509.31701439714834
2018-02-17 20:53:52.136820,1518868432.13682,446.4500888184516
2018-02-17 20:58:52.136820,1518868732.13682,500.1245817466147
2018-02-17 21:03:52.136820,1518869032.13682,495.3595340210907
2018-02-17 21:08:52.136820,1518869332.13682,483.69891203960236
2018-02-17 21:13:52.136820,1518869632.13682,659.2925696657844
2018-02-17 21:18:52.136820,1518869932.13682,500.12427859261646
2018-02-17 21:23:52.136820,1518870232.13682,541.9061855027635
2018-02-17 21:28:52.136820,1518870532.13682,600.2703727539586
2018-02-17 21:33:52.136820,1518870832.13682,618.4562174245395
2018-02-17 21:38:52.136820,1518871132.13682,513.9556918984802
2018-02-17 21:43:52.136820,1518871432.13682,559.8032668502258
2018-02-17 21:48:52.136820,1518871732.13682,616.0146264583401
2018-02-17 21:53:52.136820,1518872032.13682,475.3609895175892
2018-02-17 21:58:52.136820,1518872332.13682,478.9577298244064
2018-02-17 22:03:52.136820,1518872632.13682,485.4885426946709
2018-02-17 22:08:52.136820,1518872932.13682,664.7469579981766
2018-02-17 22:13:52.136820,1518873232.13682,641.8672782220606
2018-02-17 22:18:52.136820,1518873532.13682,626.9339680082462
2018-02-17 22:23:52.136820,1518873832.13682,626.9305476164008
2018-02-17 22:28:52.136820,1518874132.13682,656.0321640036807
2018-02-17 22:33:52.136820,1518874432.13682,548.3198720263459
2018-02-17 22:38:52.136820,1518874732.13682,628.6103714677108
2018-02-17 22:43:52.136820,1518875032.13682,508.17129020967303
2018-02-17 22:48:52.136820,1518875332.13682,545.4483832574438
2018-02-17 22:53:52.136820,1518875632.13682,530.5969481138662
2018-02-17 22:58:52.136820,1518875932.13682,654.1737024772204
2018-02-17 23:03:52.136820,1518876232.13682,579.7225401050721
2018-02-17 23:08:52.136820,1518876532.13682,716.144021179895
2018-02-17 23:13:52.136820,1518876832.13682,628.5677411786334
2018-02-17 23:18:52.136820,1518877132.13682,625.7022558484009
2018-02-17 23:23:52.136820,1518877432.13682,664.040139510856
2018-02-17 23:28:52.136820,1518877732.13682,674.8626222315477
2018-02-17 23:33:52.136820,1518878032.13682,637.0678608805827
2018-02-17 23:38:52.136820,1518878332.13682,529.0640007543216
2018-02-17 23:43:52.136820,1518878632.13682,611.1272222705866
2018-02-17 23:48:52.136820,1518878932.13682,627.433895247728
2018-02-17 23:53:52.136820,1518879232.13682,608.4782100724904
2018-02-17 23:58:52.136820,1518879532.13682,671.3129203294699
2018-02-18 00:03:52.136820,1518879832.13682,616.0458959288063
2018-02-18 00:08:52.136820,1518880132.13682,687.5102207395782
2018-02-18 00:13:52.136820,1518880432.13682,647.4309872318595
2018-02-18 00:18:52.136820,1518880732.13682,503.1714775977048
2018-02-18 00:23:52.136820,1518881032.13682,481.1956001850561
2018-02-18 00:28:52.136820,1518881332.13682,533.5830565916618
2018-02-18 00:33:52.136820,1518881632.13682,467.2350034205883
2018-02-18 00:38:52.136820,1518881932.13682,590.5606742792705
2018-02-18 00:43:52.136820,1518882232.13682,550.7622597980899
2018-02-18 00:48:52.136820,1518882532.13682,638.2163557929774
2018-02-18 00:53:52.136820,1518882832.13682,476.03645222213953
2018-02-18 00:58:52.136820,1518883132.13682,593.4063220813505
2018-02-18 01:03:52.136820,1518883432.13682,522.3262064329905
2018-02-18 01:08:52.136820,1518883732.13682,503.70141969090776
2018-02-18 01:13:52.136820,1518884032.13682,514.8760461323488
2018-02-18 01:18:52.136820,1518884332.13682,481.1539337216648
2018-02-18 01:23:52.136820,1518884632.13682,571.6096076549061
2018-02-18 01:28:52.136820,1518884932.13682,470.5021762159315
2018-02-18 01:33:52.136820,1518885232.13682,535.1376836167796
2018-02-18 01:38:52.136820,1518885532.13682,416.24323269090735
2018-02-18 01:43:52.136820,1518885832.13682,419.78107885958786
2018-02-18 01:48:52.136820,1518886132.13682,537.8770667548459
2018-02-18 01:53:52.136820,1518886432.13682,589.0715387294736
2018-02-18 01:58:52.136820,1518886732.13682,465.93423059892024
2018-02-18 02:03:52.136820,1518887032.13682,459.75219220056
2018-02-18 02:08:52.136820,1518887332.13682,551.6212713408821
2018-02-18 02:13:52.136820,1518887632.13682,512.4497468509746
2018-02-18 02:18:52.136820,1518887932.13682,486.16979847307766
2018-02-18 02:23:52.136820,1518888232.13682,518.1440070393419
2018-02-18 02:28:52.136820,1518888532.13682,393.4214645488538
2018-02-18 02:33:52.136820,1518888832.13682,423.2362937903796
2018-02-18 02:38:52.136820,1518889132.13682,394.37503434752455
2018-02-18 02:43:52.136820,1518889432.13682,515.6621271088181
2018-02-18 02:48:52.136820,1518889732.13682,466.55770412010935
2018-02-18 02:53:52.136820,1518890032.13682,457.0626613729133
2018-02-18 02:58:52.136820,1518890332.13682,387.40622586031657
2018-02-18 03:03:52.136820,1518890632.13682,355.6125698151279
2018-02-18 03:08:52.136820,1518890932.13682,366.1980676327266
2018-02-18 03:13:52.136820,1518891232.13682,426.3641134227289
2018-02-18 03:18:52.136820,1518891532.13682,371.1709652795429
2018-02-18 03:23:52.136820,1518891832.13682,414.0020700493479
2018-02-18 03:28:52.136820,1518892132.13682,420.96171771798674
2018-02-18 03:33:52.136820,1518892432.13682,335.80698262688855
2018-02-18 03:38:52.136820,1518892732.13682,292.3445224155189
2018-02-18 03:43:52.136820,1518893032.13682,280.7020631287068
2018-02-18 03:48:52.136820,1518893332.13682,278.5516546774432
2018-02-18 03:53:52.136820,1518893632.13682,295.2694790814399
2018-02-18 03:58:52.136820,1518893932.13682,273.1949852093543
2018-02-18 04:03:52.136820,1518894232.13682,248.4241357296515
2018-02-18 04:08:52.136820,1518894532.13682,341.33931825055055
2018-02-18 04:13:52.136820,1518894832.13682,311.0537437126283
2018-02-18 04:18:52.136820,1518895132.13682,221.75849012382784
2018-02-18 04:23:52.136820,1518895432.13682,267.28027484133435
2018-02-18 04:28:52.136820,1518895732.13682,249.14260502561595
2018-02-18 04:33:52.136820,1518896032.13682,221.1807696082666
2018-02-18 04:38:52.136820,1518896332.13682,237.9515083872146
2018-02-18 04:43:52.136820,1518896632.13682,263.23960362309475
2018-02-18 04:48:52.136820,1518896932.13682,191.57759435597546
2018-02-18 04:53:52.136820,1518897232.13682,237.55119878140485
2018-02-18 04:58:52.136820,1518897532.13682,163.4426685580813
2018-02-18 05:03:52.136820,1518897832.13682,151.4740197433209
2018-02-18 05:08:52.136820,1518898132.13682,157.36015302307672
2018-02-18 05:13:52.136820,1518898432.13682,147.47392314351532
2018-02-18 05:18:52.136820,1518898732.13682,156.61069151496827
2018-02-18 05:23:52.136820,1518899032.13682,147.40098332933624
2018-02-18 05:28:52.136820,1518899332.13682,140.00690008929473
2018-02-18 05:33:52.136820,1518899632.13682,100.17274974672472
2018-02-18 05:38:52.136820,1518899932.13682,104.47853421608109
2018-02-18 05:43:52.136820,1518900232.13682,94.5006544159101
2018-02-18 05:48:52.136820,1518900532.13682,110.18860520154401
2018-02-18 05:53:52.136820,1518900832.13682,92.86032935948693
2018-02-18 05:58:52.136820,1518901132.13682,60.01716117463999
2018-02-18 06:03:52.136820,1518901432.13682,60.078224083600986
2018-02-18 06:08:52.136820,1518901732.13682,52.02515404701472
2018-02-18 06:13:52.136820,1518902032.13682,46.27396154456146
2018-02-18 06:18:52.136820,1518902332.13682,27.58409190374839
2018-02-18 06:23:52.136820,1518902632.13682,18.760503268862866
2018-02-18 06:28:52.136820,1518902932.13682,10.819275244932534
2018-02-18 06:33:52.136820,1518903232.13682,0.0
2018-02-18 06:38:52.136820,1518903532.13682,9.541525599739265
2018-02-18 06:43:52.136820,1518903832.13682,16.849685369102055
2018-02-18 06:48:52.136820,1518904132.13682,29.313781568452242
2018-02-18 06:53:52.136820,1518904432.13682,42.86733956664132
2018-02-18 06:58:52.136820,1518904732.13682,42.46384091407395
2018-02-18 07:03:52.136820,1518905032.13682,54.97514868152655
2018-02-18 07:08:52.136820,1518905332.13682,61.16720506060494
2018-02-18 07:13:52.136820,1518905632.13682,69.11140718837628
2018-02-18 07:18:52.136820,1518905932.13682,75.53630254358124
2018-02-18 07:23:52.136820,1518906232.13682,120.6628403103106
2018-02-18 07:28:52.136820,1518906532.13682,108.00209121926224
2018-02-18 07:33:52.136820,1518906832.13682,139.13437160026615
2018-02-18 07:38:52.136820,1518907132.13682,145.69821113893283
2018-02-18 07:43:52.136820,1518907432.13682,143.66669821656686
2018-02-18 07:48:52.136820,1518907732.13682,145.53848136464626
2018-02-18 07:53:52.136820,1518908032.13682,147.12290138989874
2018-02-18 07:58:52.136820,1518908332.13682,167.60872699680306
2018-02-18 08:03:52.136820,1518908632.13682,188.70697515241994
2018-02-18 08:08:52.136820,1518908932.13682,222.23507539812115
2018-02-18 08:13:52.136820,1518909232.13682,207.0089931086654
2018-02-18 08:18:52.136820,1518909532.13682,179.23696220851562
2018-02-18 08:23:52.136820,1518909832.13682,261.54486260520963
2018-02-18 08:28:52.136820,1518910132.13682,278.56765934364955
2018-02-18 08:33:52.136820,1518910432.13682,263.74549497602146
2018-02-18 08:38:52.136820,1518910732.13682,212.56795428169258
2018-02-18 08:43:52.136820,1518911032.13682,220.44985343730858
2018-02-18 08:48:52.136820,1518911332.13682,243.69628964301882
2018-02-18 08:53:52.136820,1518911632.13682,331.7775592728026
2018-02-18 08:58:52.136820,1518911932.13682,338.5132382735446
2018-02-18 09:03:52.136820,1518912232.13682,274.98473809727204
2018-02-18 09:08:52.136820,1518912532.13682,336.51495662817484
2018-02-18 09:13:52.136820,1518912832.13682,332.3151719536973
2018-02-18 09:18:52.136820,1518913132.13682,287.20619674284706
2018-02-18 09:23:52.136820,1518913432.13682,280.0886389373019
2018-02-18 09:28:52.136820,1518913732.13682,407.08409753380926
2018-02-18 09:33:52.136820,1518914032.13682,354.93555727591297
2018-02-18 09:38:52.136820,1518914332.13682,419.2447034382426
2018-02-18 09:43:52.136820,1518914632.13682,430.16035437238367
2018-02-18 09:48:52.136820,1518914932.13682,374.9373177574918
2018-02-18 09:53:52.136820,1518915232.13682,309.1447920166989
2018-02-18 09:58:52.136820,1518915532.13682,413.1326228508732
2018-02-18 10:03:52.136820,1518915832.13682,333.87874464432844
2018-02-18 10:08:52.136820,1518916132.13682,441.61298505405045
2018-02-18 10:13:52.136820,1518916432.13682,472.14868273379324
2018-02-18 10:18:52.136820,1518916732.13682,442.1881842412973
2018-02-18 10:23:52.136820,1518917032.13682,368.14801533150427
2018-02-18 10:28:52.136820,1518917332.13682,490.776681592898
2018-02-18 10:33:52.136820,1518917632.13682,374.9513238893148
2018-02-18 10:38:52.136820,1518917932.13682,426.6578568505134
2018-02-18 10:43:52.136820,1518918232.13682,510.0140107041317
2018-02-18 10:48:52.136820,1518918532.13682,390.6137585508585
2018-02-18 10:53:52.136820,1518918832.13682,522.5912343604897
2018-02-18 10:58:52.136820,1518919132.13682,534.9606589042742
2018-02-18 11:03:52.136820,1518919432.13682,412.99294850234185
2018-02-18 11:08:52.136820,1518919732.13682,422.38937956361116
2018-02-18 11:13:52.136820,1518920032.13682,404.2375816394003
2018-02-18 11:18:52.136820,1518920332.13682,546.8089624168073
2018-02-18 11:23:52.136820,1518920632.13682,466.1629202533913
2018-02-18 11:28:52.136820,1518920932.13682,496.9747270879144
2018-02-18 11:33:52.136820,1518921232.13682,534.6213502325471
2018-02-18 11:38:52.136820,1518921532.13682,424.2785560569304
2018-02-18 11:43:52.136820,1518921832.13682,557.3514185701865
2018-02-18 11:48:52.136820,1518922132.13682,526.0514271602738
2018-02-18 11:53:52.136820,1518922432.13682,629.6111441734557
2018-02-18 11:58:52.136820,1518922732.13682,542.7542647188793
2018-02-18 12:03:52.136820,1518923032.13682,562.8381862697979
2018-02-18 12:08:52.136820,1518923332.13682,494.09110242093715
2018-02-18 12:13:52.136820,1518923632.13682,544.075872763781
2018-02-18 12:18:52.136820,1518923932.13682,528.9376766287581
2018-02-18 12:23:52.136820,1518924232.13682,672.8221944462323
2018-02-18 12:28:52.136820,1518924532.13682,635.7138189742604
2018-02-18 12:33:52.136820,1518924832.13682,464.2087045590249
2018-02-18 12:38:52.136820,1518925132.13682,544.9800052270974
2018-02-18 12:43:52.136820,1518925432.13682,501.2391544534969
2018-02-18 12:48:52.136820,1518925732.13682,630.7532966648188
2018-02-18 12:53:52.136820,1518926032.13682,696.4410518711732
2018-02-18 12:58:52.136820,1518926332.13682,605.5241685880143
2018-02-18 13:03:52.136820,1518926632.13682,696.5860751784355
2018-02-18 13:08:52.136820,1518926932.13682,590.4207393806736
2018-02-18 13:13:52.136820,1518927232.13682,477.69700878107767
2018-02-18 13:18:52.136820,1518927532.13682,523.2011510917483
2018-02-18 13:23:52.136820,1518927832.13682,700.1638613571555
2018-02-18 13:28:52.136820,1518928132.13682,574.103884794353
2018-02-18 13:33:52.136820,1518928432.13682,484.7286366139458
2018-02-18 13:38:52.136820,1518928732.13682,686.0600026110452
2018-02-18 13:43:52.136820,1518929032.13682,609.9496332291646
2018-02-18 13:48:52.136820,1518929332.13682,513.0991948646811
2018-02-18 13:53:52.136820,1518929632.13682,646.0169144914986
2018-02-18 13:58:52.136820,1518929932.13682,613.9255533309793
2018-02-18 14:03:52.136820,1518930232.13682,599.420864396845
2018-02-18 14:08:52.136820,1518930532.13682,501.7071092817546
2018-02-18 14:13:52.136820,1518930832.13682,522.5102294174795
2018-02-18 14:18:52.136820,1518931132.13682,517.2526869781093
2018-02-18 14:23:52.136820,1518931432.13682,589.9462782263549
2018-02-18 14:28:52.136820,1518931732.13682,639.265335484872
2018-02-18 14:33:52.136820,1518932032.13682,634.215039945813
2018-02-18 14:38:52.136820,1518932332.13682,499.40144008329327
2018-02-18 14:43:52.136820,1518932632.13682,632.927772066675
2018-02-18 14:48:52.136820,1518932932.13682,591.3625153146933
2018-02-18 14:53:52.136820,1518933232.13682,485.61374830566973
2018-02-18 14:58:52.136820,1518933532.13682,637.9543504966636
2018-02-18 15:03:52.136820,1518933832.13682,637.4621939508424
2018-02-18 15:08:52.136820,1518934132.13682,576.8176299383323
2018-02-18 15:13:52.136820,1518934432.13682,691.0364804329212
2018-02-18 15:18:52.136820,1518934732.13682,581.4668412314612
2018-02-18 15:23:52.136820,1518935032.13682,548.5655249403618
2018-02-18 15:28:52.136820,1518935332.13682,489.93823876223286
2018-02-18 15:33:52.136820,1518935632.13682,614.519823575097
2018-02-18 15:38:52.136820,1518935932.13682,654.3865477560967
2018-02-18 15:43:52.136820,1518936232.13682,652.9816965298819
2018-02-18 15:48:52.136820,1518936532.13682,494.9607473809088
2018-02-18 15:53:52.136820,1518936832.13682,611.2360267355166
2018-02-18 15:58:52.136820,1518937132.13682,510.08846674107036
2018-02-18 16:03:52.136820,1518937432.13682,441.5541270743591
2018-02-18 16:08:52.136820,1518937732.13682,590.4476302193992
2018-02-18 16:13:52.136820,1518938032.13682,500.8635077306838
2018-02-18 16:18:52.136820,1518938332.13682,625.8782673207596
2018-02-18 16:23:52.136820,1518938632.13682,517.8937681825854
2018-02-18 16:28:52.136820,1518938932.13682,519.7707835228359
2018-02-18 16:33:52.136820,1518939232.13682,471.7710624128355
2018-02-18 16:38:52.136820,1518939532.13682,429.4923225876087
2018-02-18 16:43:52.136820,1518939832.13682,506.07968503632895
2018-02-18 16:48:52.136820,1518940132.13682,512.1463514593443
2018-02-18 16:53:52.136820,1518940432.13682,584.837091456889
2018-02-18 16:58:52.136820,1518940732.13682,569.5314612028112
2018-02-18 17:03:52.136820,1518941032.13682,437.9945052660656
2018-02-18 17:08:52.136820,1518941332.13682,480.6794520127821
2018-02-18 17:13:52.136820,1518941632.13682,491.82462014463164
2018-02-18 17:18:52.136820,1518941932.13682,516.750588330553
2018-02-18 17:23:52.136820,1518942232.13682,378.6236826758241
2018-02-18 17:28:52.136820,1518942532.13682,512.2754152254205
2018-02-18 17:33:52.136820,1518942832.13682,415.8374742545006
2018-02-18 17:38:52.136820,1518943132.13682,506.7434100182948
2018-02-18 17:43:52.136820,1518943432.13682,354.7879394893321
2018-02-18 17:48:52.136820,1518943732.13682,452.7161538932732
2018-02-18 17:53:52.136820,1518944032.13682,414.16039886187747
2018-02-18 17:58:52.136820,1518944332.13682,428.56990062280204
2018-02-18 18:03:52.136820,1518944632.13682,440.31357811609445
2018-02-18 18:08:52.136820,1518944932.13682,424.53845733847356
2018-02-18 18:13:52.136820,1518945232.13682,456.08610895687207
2018-02-18 18:18:52.136820,1518945532.13682,348.3993179903882
2018-02-18 18:23:52.136820,1518945832.13682,381.9924150869178
2018-02-18 18:28:52.136820,1518946132.13682,308.4868268810392
2018-02-18 18:33:52.136820,1518946432.13682,376.09753772710036
2018-02-18 18:38:52.136820,1518946732.13682,312.1659119990755
2018-02-18 18:43:52.136820,1518947032.13682,341.13527379625253
2018-02-18 18:48:52.136820,1518947332.13682,373.92160046558286
2018-02-18 18:53:52.136820,1518947632.13682,276.88551810188443
2018-02-18 18:58:52.136820,1518947932.13682,346.82819864409555
2018-02-18 19:03:52.136820,1518948232.13682,312.00904383427667
2018-02-18 19:08:52.136820,1518948532.13682,318.3261659487267
2018-02-18 19:13:52.136820,1518948832.13682,300.683489452055
2018-02-18 19:18:52.136820,1518949132.13682,285.67253550683915
2018-02-18 19:23:52.136820,1518949432.13682,300.0254752497218
2018-02-18 19:28:52.136820,1518949732.13682,271.8841260278891
2018-02-18 19:33:52.136820,1518950032.13682,282.6797566772961
2018-02-18 19:38:52.136820,1518950332.13682,272.18673568967836
2018-02-18 19:43:52.136820,1518950632.13682,238.41217203592353
2018-02-18 19:48:52.136820,1518950932.13682,221.30868024715664
2018-02-18 19:53:52.136820,1518951232.13682,215.29105361944673
2018-02-18 19:58:52.136820,1518951532.13682,189.6971067799419
2018-02-18 20:03:52.136820,1518951832.13682,202.52154873268555
2018-02-18 20:08:52.136820,1518952132.13682,198.50436315067202
2018-02-18 20:13:52.136820,1518952432.13682,142.124348995113
2018-02-18 20:18:52.136820,1518952732.13682,158.73800952127348
2018-02-18 20:23:52.136820,1518953032.13682,144.9965851462878
2018-02-18 20:28:52.136820,1518953332.13682,115.30896296944414
2018-02-18 20:33:52.136820,1518953632.13682,131.4641342743545
2018-02-18 20:38:52.136820,1518953932.13682,94.079223536389
2018-02-18 20:43:52.136820,1518954232.13682,105.18726100379006
2018-02-18 20:48:52.136820,1518954532.13682,108.56847379902347
2018-02-18 20:53:52.136820,1518954832.13682,79.43854067673185
2018-02-18 20:58:52.136820,1518955132.13682,76.84453672666035
2018-02-18 21:03:52.136820,1518955432.13682,68.65315257691266
2018-02-18 21:08:52.136820,1518955732.13682,46.64187424670075
2018-02-18 21:13:52.136820,1518956032.13682,38.63490564847207
2018-02-18 21:18:52.136820,1518956332.13682,32.461676020286895
2018-02-18 21:23:52.136820,1518956632.13682,21.503318779291945
2018-02-18 21:28:52.136820,1518956932.13682,10.047668770005528
2018-02-18 21:33:52.136820,1518957232.13682,0.0
2018-02-18 21:38:52.136820,1518957532.13682,9.33537656692643
2018-02-18 21:43:52.136820,1518957832.13682,23.567900459745374
2018-02-18 21:48:52.136820,1518958132.13682,37.410533575586925
2018-02-18 21:53:52.136820,1518958432.13682,45.587655032225136
2018-02-18 21:58:52.136820,1518958732.13682,58.96158904243808
2018-02-18 22:03:52.136820,1518959032.13682,69.65369915587398
2018-02-18 22:08:52.136820,1518959332.13682,81.73454976814158
2018-02-18 22:13:52.136820,1518959632.13682,81.08250089078064
2018-02-18 22:18:52.136820,1518959932.13682,99.46145014723595
2018-02-18 22:23:52.136820,1518960232.13682,88.80314566132803
2018-02-18 22:28:52.136820,1518960532.13682,115.57598461647446
2018-02-18 22:33:52.136820,1518960832.13682,122.17948138879704
2018-02-18 22:38:52.136820,1518961132.13682,161.74754800287806
2018-02-18 22:43:52.136820,1518961432.13682,116.4972711687856
2018-02-18 22:48:52.136820,1518961732.13682,159.4576171701681
2018-02-18 22:53:52.136820,1518962032.13682,139.76547268272395
2018-02-18 22:58:52.136820,1518962332.13682,185.09075488954008
2018-02-18 23:03:52.136820,1518962632.13682,185.05559115008757
2018-02-18 23:08:52.136820,1518962932.13682,194.66674542951
2018-02-18 23:13:52.136820,1518963232.13682,242.82016330180835
2018-02-18 23:18:52.136820,1518963532.13682,191.36019140206736
2018-02-18 23:23:52.136820,1518963832.13682,201.53641558622652
2018-02-18 23:28:52.136820,1518964132.13682,206.92276013515732
2018-02-18 23:33:52.136820,1518964432.13682,237.34321750809616
2018-02-18 23:38:52.136820,1518964732.13682,301.53663462954097
2018-02-18 23:43:52.136820,1518965032.13682,246.77143309174545
2018-02-18 23:48:52.136820,1518965332.13682,247.78372898741145
2018-02-18 23:53:52.136820,1518965632.13682,280.4058168309956
2018-02-18 23:58:52.136820,1518965932.13682,254.0393968110999
2018-02-19 00:03:52.136820,1518966232.13682,343.9991545444083
2018-02-19 00:08:52.136820,1518966532.13682,251.6946453023344
2018-02-19 00:13:52.136820,1518966832.13682,328.3602805780592
2018-02-19 00:18:52.136820,1518967132.13682,347.10565474362306
2018-02-19 00:23:52.136820,1518967432.13682,305.73717459273604
2018-02-19 00:28:52.136820,1518967732.13682,332.286204306281
2018-02-19 00:33:52.136820,1518968032.13682,344.86932336778244
2018-02-19 00:38:52.136820,1518968332.13682,355.48041626885237
2018-02-19 00:43:52.136820,1518968632.13682,405.6230046916967
2018-02-19 00:48:52.136820,1518968932.13682,344.820040605149
2018-02-19 00:53:52.136820,1518969232.13682,417.5393531865858
2018-02-19 00:58:52.136820,1518969532.13682,360.29217079706893
2018-02-19 01:03:52.136820,1518969832.13682,464.75781319986453
2018-02-19 01:08:52.136820,1518970132.13682,467.29186432771604
2018-02-19 01:13:52.136820,1518970432.13682,341.1918382581267
2018-02-19 01:18:52.136820,1518970732.13682,411.0590559972108
2018-02-19 01:23:52.136820,1518971032.13682,356.8393391026555
2018-02-19 01:28:52.136820,1518971332.13682,431.2945300147368
2018-02-19 01:33:52.136820,1518971632.13682,521.1374592949902
2018-02-19 01:38:52.136820,1518971932.13682,370.3250338704071
2018-02-19 01:43:52.136820,1518972232.13682,529.9916767509837
2018-02-19 01:48:52.136820,1518972532.13682,398.0609325595113
2018-02-19 01:53:52.136820,1518972832.13682,469.54290329477357
2018-02-19 01:58:52.136820,1518973132.13682,457.2684161600816
2018-02-19 02:03:52.136820,1518973432.13682,423.2639265329179
2018-02-19 02:08:52.136820,1518973732.13682,551.770910359382
2018-02-19 02:13:52.136820,1518974032.13682,525.0476373035885
2018-02-19 02:18:52.136820,1518974332.13682,528.9015330553136
2018-02-19 02:23:52.136820,1518974632.13682,565.6048797520353
2018-02-19 02:28:52.136820,1518974932.13682,556.0550830572687
2018-02-19 02:33:52.136820,1518975232.13682,455.3612061149982
2018-02-19 02:38:52.136820,1518975532.13682,471.9060375448288
2018-02-19 02:43:52.136820,1518975832.13682,607.0850869274985
2018-02-19 02:48:52.136820,1518976132.13682,512.5967176240183
2018-02-19 02:53:52.136820,1518976432.13682,612.2987799137001
2018-02-19 02:58:52.136820,1518976732.13682,468.20595774305286
2018-02-19 03:03:52.136820,1518977032.13682,523.9395396500005
2018-02-19 03:08:52.136820,1518977332.13682,474.79918561683803
2018-02-19 03:13:52.136820,1518977632.13682,445.2420939735017
2018-02-19 03:18:52.136820,1518977932.13682,472.42783162249765
2018-02-19 03:23:52.136820,1518978232.13682,459.59940520105454
2018-02-19 03:28:52.136820,1518978532.13682,505.67555976363855
2018-02-19 03:33:52.136820,1518978832.13682,603.5345925662222
2018-02-19 03:38:52.136820,1518979132.13682,553.103228834636
2018-02-19 03:43:52.136820,1518979432.13682,561.3936213898832
2018-02-19 03:48:52.136820,1518979732.13682,532.359741245818
2018-02-19 03:53:52.136820,1518980032.13682,550.818169687736
2018-02-19 03:58:52.136820,1518980332.13682,615.0376389983276
2018-02-19 04:03:52.136820,1518980632.13682,504.31316256708345
2018-02-19 04:08:52.136820,1518980932.13682,658.8714431009402
2018-02-19 04:13:52.136820,1518981232.13682,699.3339803023174
2018-02-19 04:18:52.136820,1518981532.13682,677.2903039381808
2018-02-19 04:23:52.136820,1518981832.13682,604.522766228459
2018-02-19 04:28:52.136820,1518982132.13682,642.4925102139908
2018-02-19 04:33:52.136820,1518982432.13682,539.0488180296364
2018-02-19 04:38:52.136820,1518982732.13682,620.5349237973296
2018-02-19 04:43:52.136820,1518983032.13682,493.08922808853197
2018-02-19 04:48:52.136820,1518983332.13682,608.872418101208
2018-02-19 04:53:52.136820,1518983632.13682,593.7597404710995
2018-02-19 04:58:52.136820,1518983932.13682,623.9923283617198
2018-02-19 05:03:52.136820,1518984232.13682,631.0856552679176
2018-02-19 05:08:52.136820,1518984532.13682,480.87547991147727
2018-02-19 05:13:52.136820,1518984832.13682,561.4726602736107
2018-02-19 05:18:52.136820,1518985132.13682,614.9645167324105
2018-02-19 05:23:52.136820,1518985432.13682,579.6289819806283
2018-02-19 05:28:52.136820,1518985732.13682,628.5619016952495
2018-02-19 05:33:52.136820,1518986032.13682,583.5965168905777
2018-02-19 05:38:52.136820,1518986332.13682,703.3122724948829
2018-02-19 05:43:52.136820,1518986632.13682,637.6449707044729
2018-02-19 05:48:52.136820,1518986932.13682,643.9840966923094
2018-02-19 05:53:52.136820,1518987232.13682,652.4657004665171
2018-02-19 05:58:52.136820,1518987532.13682,698.0898449207073
2018-02-19 06:03:52.136820,1518987832.13682,530.6130542114915
2018-02-19 06:08:52.136820,1518988132.13682,641.2308495594948
2018-02-19 06:13:52.136820,1518988432.13682,631.3039385620003
2018-02-19 06:18:52.136820,1518988732.13682,590.0556813325387
2018-02-19 06:23:52.136820,1518989032.13682,508.8614115937536
2018-02-19 06:28:52.136820,1518989332.13682,485.7700365117598
2018-02-19 06:33:52.136820,1518989632.13682,590.7821293329614
2018-02-19 06:38:52.136820,1518989932.13682,517.4815367222753
2018-02-19 06:43:52.136820,1518990232.13682,599.3225449589625
2018-02-19 06:48:52.136820,1518990532.13682,507.0603411344321
2018-02-19 06:53:52.136820,1518990832.13682,481.1243541583491
2018-02-19 06:58:52.136820,1518991132.13682,651.040862487927
2018-02-19 07:03:52.136820,1518991432.13682,513.4646985925581
2018-02-19 07:08:52.136820,1518991732.13682,650.4294789278382
2018-02-19 07:13:52.136820,1518992032.13682,520.2972047478535
2018-02-19 07:18:52.136820,1518992332.13682,536.224390817691
2018-02-19 07:23:52.136820,1518992632.13682,468.6003932486284
2018-02-19 07:28:52.136820,1518992932.13682,439.71917471493896
2018-02-19 07:33:52.136820,1518993232.13682,429.52798678734695
2018-02-19 07:38:52.136820,1518993532.13682,439.24273425194696
2018-02-19 07:43:52.136820,1518993832.13682,539.7466845637342
2018-02-19 07:48:52.136820,1518994132.13682,433.32345596101703
2018-02-19 07:53:52.136820,1518994432.13682,536.6376052798787
2018-02-19 07:58:52.136820,1518994732.13682,578.5434756945962
2018-02-19 08:03:52.136820,1518995032.13682,533.6337846245341
2018-02-19 08:08:52.136820,1518995332.13682,433.8299507500687
2018-02-19 08:13:52.136820,1518995632.13682,523.2098322732625
2018-02-19 08:18:52.136820,1518995932.13682,551.6390366898306
2018-02-19 08:23:52.136820,1518996232.13682,465.7630808831052
2018-02-19 08:28:52.136820,1518996532.13682,491.95901574998095
2018-02-19 08:33:52.136820,1518996832.13682,361.9719604805778
2018-02-19 08:38:52.136820,1518997132.13682,414.0573007715123
2018-02-19 08:43:52.136820,1518997432.13682,493.1944754104222
2018-02-19 08:48:52.136820,1518997732.13682,376.0219610750038
2018-02-19 08:53:52.136820,1518998032.13682,431.85661958539686
2018-02-19 08:58:52.136820,1518998332.13682,433.65493248346075
2018-02-19 09:03:52.136820,1518998632.13682,370.3043222490529
2018-02-19 09:08:52.136820,1518998932.13682,367.27784891475585
2018-02-19 09:13:52.136820,1518999232.13682,367.7626273175653
2018-02-19 09:18:52.136820,1518999532.13682,396.51667108594484
2018-02-19 09:23:52.136820,1518999832.13682,395.7387857850654
2018-02-19 09:28:52.136820,1519000132.13682,332.48424644891077
2018-02-19 09:33:52.136820,1519000432.13682,334.7731678603603
2018-02-19 09:38:52.136820,1519000732.13682,337.82378523532316
2018-02-19 09:43:52.136820,1519001032.13682,396.48160845189346
2018-02-19 09:48:52.136820,1519001332.13682,332.11542190567616
2018-02-19 09:53:52.136820,1519001632.13682,295.2827757836674
2018-02-19 09:58:52.136820,1519001932.13682,352.09913704164455
2018-02-19 10:03:52.136820,1519002232.13682,285.43056300615973
2018-02-19 10:08:52.136820,1519002532.13682,234.24178561648532
2018-02-19 10:13:52.136820,1519002832.13682,240.67220431937764
2018-02-19 10:18:52.136820,1519003132.13682,305.1780776781117
2018-02-19 10:23:52.136820,1519003432.13682,284.8657021525336
2018-02-19 10:28:52.136820,1519003732.13682,293.01869171448703
2018-02-19 10:33:52.136820,1519004032.13682,273.9738677358302
2018-02-19 10:38:52.136820,1519004332.13682,202.83025222325517
2018-02-19 10:43:52.136820,1519004632.13682,191.69405393000545
2018-02-19 10:48:52.136820,1519004932.13682,200.14155016342661
2018-02-19 10:53:52.136820,1519005232.13682,213.42373236118203
2018-02-19 10:58:52.136820,1519005532.13682,208.32447337137603
2018-02-19 11:03:52.136820,1519005832.13682,199.25422079708156
2018-02-19 11:08:52.136820,1519006132.13682,189.66083269647476
2018-02-19 11:13:52.136820,1519006432.13682,163.87913647809935
2018-02-19 11:18:52.136820,1519006732.13682,137.96707366675105
2018-02-19 11:23:52.136820,1519007032.13682,156.40342315506908
2018-02-19 11:28:52.136820,1519007332.13682,111.86290945950033
2018-02-19 11:33:52.136820,1519007632.13682,141.04736262448205
2018-02-19 11:38:52.136820,1519007932.13682,110.0406065565242
2018-02-19 11:43:52.136820,1519008232.13682,115.9309932773147
2018-02-19 11:48:52.136820,1519008532.13682,104.83388516016319
2018-02-19 11:53:52.136820,1519008832.13682,86.10952158489526
2018-02-19 11:58:52.136820,1519009132.13682,71.40493235601016
2018-02-19 12:03:52.136820,1519009432.13682,73.88387103406568
2018-02-19 12:08:52.136820,1519009732.13682,43.67022878095449
2018-02-19 12:13:52.136820,1519010032.13682,46.67869411035467
2018-02-19 12:18:52.136820,1519010332.13682,35.74262449126765
2018-02-19 12:23:52.136820,1519010632.13682,22.302128781088232
2018-02-19 12:28:52.136820,1519010932.13682,11.783710669879289
2018-02-19 12:33:52.136820,1519011232.13682,0.0
2018-02-19 12:38:52.136820,1519011532.13682,12.03856257373193
2018-02-19 12:43:52.136820,1519011832.13682,21.704902633853997
2018-02-19 12:48:52.136820,1519012132.13682,36.00564008893356
2018-02-19 12:53:52.136820,1519012432.13682,35.80193057636172
2018-02-19 12:58:52.136820,1519012732.13682,55.70240981516415
2018-02-19 13:03:52.136820,1519013032.13682,50.24343403692474
2018-02-19 13:08:52.136820,1519013332.13682,67.39922012727385
2018-02-19 13:13:52.136820,1519013632.13682,69.67287926360721
2018-02-19 13:18:52.136820,1519013932.13682,95.35419032829365
2018-02-19 13:23:52.136820,1519014232.13682,110.58058929655019
2018-02-19 13:28:52.136820,1519014532.13682,126.02779683427877
2018-02-19 13:33:52.136820,1519014832.13682,142.6189910890538
2018-02-19 13:38:52.136820,1519015132.13682,154.9334657476713
2018-02-19 13:43:52.136820,1519015432.13682,161.54962068373462
2018-02-19 13:48:52.136820,1519015732.13682,171.57340686151144
2018-02-19 13:53:52.136820,1519016032.13682,154.51700819652388
2018-02-19 13:58:52.136820,1519016332.13682,182.81457925798063
2018-02-19 14:03:52.136820,1519016632.13682,182.80183825634217
2018-02-19 14:08:52.136820,1519016932.13682,182.75888369765602
2018-02-19 14:13:52.136820,1519017232.13682,188.29818602469902
2018-02-19 14:18:52.136820,1519017532.13682,198.40440855243867
2018-02-19 14:23:52.136820,1519017832.13682,269.2216434612935
2018-02-19 14:28:52.136820,1519018132.13682,215.22379654560842
2018-02-19 14:33:52.136820,1519018432.13682,233.1152276887956
2018-02-19 14:38:52.136820,1519018732.13682,277.94460091682515
2018-02-19 14:43:52.136820,1519019032.13682,217.50956766826272
2018-02-19 14:48:52.136820,1519019332.13682,249.32570090016915
2018-02-19 14:53:52.136820,1519019632.13682,232.24883012955092
2018-02-19 14:58:52.136820,1519019932.13682,261.08217122556704
2018-02-19 15:03:52.136820,1519020232.13682,272.83539197323324
2018-02-19 15:08:52.136820,1519020532.13682,291.25170774759187
2018-02-19 15:13:52.136820,1519020832.13682,285.0999368080849
2018-02-19 15:18:52.136820,1519021132.13682,343.07202469808675
2018-02-19 15:23:52.136820,1519021432.13682,273.37337161974614
2018-02-19 15:28:52.136820,1519021732.13682,325.90492165842164
2018-02-19 15:33:52.136820,1519022032.13682,394.21194433775696
2018-02-19 15:38:52.136820,1519022332.13682,375.61874647223476
2018-02-19 15:43:52.136820,1519022632.13682,434.6580436789202
2018-02-19 15:48:52.136820,1519022932.13682,367.45189629603453
2018-02-19 15:53:52.136820,1519023232.13682,410.3444856292995
2018-02-19 15:58:52.136820,1519023532.13682,441.24027081059216
2018-02-19 16:03:52.136820,1519023832.13682,326.90244715741915
2018-02-19 16:08:52.136820,1519024132.13682,329.2607549266273
2018-02-19 16:13:52.136820,1519024432.13682,359.031803734061
2018-02-19 16:18:52.136820,1519024732.13682,382.5447957340398
2018-02-19 16:23:52.136820,1519025032.13682,380.32724708849963
2018-02-19 16:28:52.136820,1519025332.13682,402.99920065254855
2018-02-19 16:33:52.136820,1519025632.13682,419.3895807234342
2018-02-19 16:38:52.136820,1519025932.13682,373.10856538820366
2018-02-19 16:43:52.136820,1519026232.13682,448.3872102638227
2018-02-19 16:48:52.136820,1519026532.13682,460.6052042900528
2018-02-19 16:53:52.136820,1519026832.13682,512.5296622920586
2018-02-19 16:58:52.136820,1519027132.13682,430.69934458579417
2018-02-19 17:03:52.136820,1519027432.13682,442.71364891604367
2018-02-19 17:08:52.136820,1519027732.13682,510.57756972537794
2018-02-19 17:13:52.136820,1519028032.13682,415.79257758518196
2018-02-19 17:18:52.136820,1519028332.13682,573.967347304189
2018-02-19 17:23:52.136820,1519028632.13682,562.2464329252581
2018-02-19 17:28:52.136820,1519028932.13682,414.5459158289051
2018-02-19 17:33:52.136820,1519029232.13682,488.30185063887814
2018-02-19 17:38:52.136820,1519029532.13682,423.00945471113306
2018-02-19 17:43:52.136820,1519029832.13682,573.8741671336378
2018-02-19 17:48:52.136820,1519030132.13682,597.910500374467
2018-02-19 17:53:52.136820,1519030432.13682,584.6306830744959
2018-02-19 17:58:52.136820,1519030732.13682,584.0399061754957
2018-02-19 18:03:52.136820,1519031032.13682,591.9433475797728
2018-02-19 18:08:52.136820,1519031332.13682,647.5490756738826
2018-02-19 18:13:52.136820,1519031632.13682,462.9784296722466
2018-02-19 18:18:52.136820,1519031932.13682,645.6770536285836
2018-02-19 18:23:52.136820,1519032232.13682,662.0612295824199
2018-02-19 18:28:52.136820,1519032532.13682,512.9918510988385
2018-02-19 18:33:52.136820,1519032832.13682,521.8756440456084
2018-02-19 18:38:52.136820,1519033132.13682,674.8435704251602
2018-02-19 18:43:52.136820,1519033432.13682,663.5993479881788
2018-02-19 18:48:52.136820,1519033732.13682,664.0336556111373
2018-02-19 18:53:52.136820,1519034032.13682,482.4000934229749
2018-02-19 18:58:52.136820,1519034332.13682,690.2796921723688
2018-02-19 19:03:52.136820,1519034632.13682,550.6947196994885
2018-02-19 19:08:52.136820,1519034932.13682,568.0374738426816
2018-02-19 19:13:52.136820,1519035232.13682,684.5223760401415
2018-02-19 19:18:52.136820,1519035532.13682,613.7812325171202
2018-02-19 19:23:52.136820,1519035832.13682,485.4562386259335
2018-02-19 19:28:52.136820,1519036132.13682,668.6521704021136
2018-02-19 19:33:52.136820,1519036432.13682,588.4199396800196
2018-02-19 19:38:52.136820,1519036732.13682,541.6891929355999
2018-02-19 19:43:52.136820,1519037032.13682,532.5527836988481
2018-02-19 19:48:52.136820,1519037332.13682,580.9136155691601
2018-02-19 19:53:52.136820,1519037632.13682,694.0594130424414
2018-02-19 19:58:52.136820,1519037932.13682,566.5199898847254
2018-02-19 20:03:52.136820,1519038232.13682,583.7565134306844
2018-02-19 20:08:52.136820,1519038532.13682,499.209240384418
2018-02-19 20:13:52.136820,1519038832.13682,508.553280534042
2018-02-19 20:18:52.136820,1519039132.13682,549.8870973465556
2018-02-19 20:23:52.136820,1519039432.13682,525.9245465351686
2018-02-19 20:28:52.136820,1519039732.13682,529.3010828324691
2018-02-19 20:33:52.136820,1519040032.13682,591.4250884165428
2018-02-19 20:38:52.136820,1519040332.13682,497.4579711780379
2018-02-19 20:43:52.136820,1519040632.13682,710.0036438343081
2018-02-19 20:48:52.136820,1519040932.13682,584.4169559601197
2018-02-19 20:53:52.136820,1519041232.13682,575.9827787537358
2018-02-19 20:58:52.136820,1519041532.13682,663.8531430223039
2018-02-19 21:03:52.136820,1519041832.13682,621.2073037847729
2018-02-19 21:08:52.136820,1519042132.13682,618.0521839114871
2018-02-19 21:13:52.136820,1519042432.13682,679.8680951174425
2018-02-19 21:18:52.136820,1519042732.13682,496.5695822788763
2018-02-19 21:23:52.136820,1519043032.13682,627.2737400600729
2018-02-19 21:28:52.136820,1519043332.13682,524.0322229086837
2018-02-19 21:33:52.136820,1519043632.13682,657.9145425830071
2018-02-19 21:38:52.136820,1519043932.13682,644.6194621258697
2018-02-19 21:43:52.136820,1519044232.13682,524.7589293591061
2018-02-19 21:48:52.136820,1519044532.13682,487.50615058921613
2018-02-19 21:53:52.136820,1519044832.13682,562.6157138936898
2018-02-19 21:58:52.136820,1519045132.13682,655.9490674594634
2018-02-19 22:03:52.136820,1519045432.13682,543.2442113022837
2018-02-19 22:08:52.136820,1519045732.13682,583.1637756106521
2018-02-19 22:13:52.136820,1519046032.13682,586.7704751281295
2018-02-19 22:18:52.136820,1519046332.13682,528.0850228305027
2018-02-19 22:23:52.136820,1519046632.13682,621.9482344070869
2018-02-19 22:28:52.136820,1519046932.13682,570.9823280957215
2018-02-19 22:33:52.136820,1519047232.13682,416.5262302485437
2018-02-19 22:38:52.136820,1519047532.13682,543.201023240662
2018-02-19 22:43:52.136820,1519047832.13682,607.8960444761782
2018-02-19 22:48:52.136820,1519048132.13682,497.5571217248728
2018-02-19 22:53:52.136820,1519048432.13682,440.0626580702516
2018-02-19 22:58:52.136820,1519048732.13682,526.4434977582603
2018-02-19 23:03:52.136820,1519049032.13682,409.7447429080892
2018-02-19 23:08:52.136820,1519049332.13682,442.4700881192471
2018-02-19 23:13:52.136820,1519049632.13682,511.65447232903267
2018-02-19 23:18:52.136820,1519049932.13682,431.6187957259971
2018-02-19 23:23:52.136820,1519050232.13682,453.7325557591399
2018-02-19 23:28:52.136820,1519050532.13682,433.9535046429344
2018-02-19 23:33:52.136820,1519050832.13682,373.97394720772013
2018-02-19 23:38:52.136820,1519051132.13682,387.6486362823992
2018-02-19 23:43:52.136820,1519051432.13682,387.20343775162496
2018-02-19 23:48:52.136820,1519051732.13682,484.2244792421173
2018-02-19 23:53:52.136820,1519052032.13682,487.43972462161923
2018-02-19 23:58:52.136820,1519052332.13682,475.3556949502359
2018-02-20 00:03:52.136820,1519052632.13682,420.1233455969999
2018-02-20 00:08:52.136820,1519052932.13682,389.5811312341975
2018-02-20 00:13:52.136820,1519053232.13682,343.93345918589495
2018-02-20 00:18:52.136820,1519053532.13682,365.9033051170908
2018-02-20 00:23:52.136820,1519053832.13682,400.7209115220782
2018-02-20 00:28:52.136820,1519054132.13682,401.36944334344065
2018-02-20 00:33:52.136820,1519054432.13682,398.4221143333059
2018-02-20 00:38:52.136820,1519054732.13682,277.7620408281438
2018-02-20 00:43:52.136820,1519055032.13682,366.6786763571024
2018-02-20 00:48:52.136820,1519055332.13682,363.8834384669141
2018-02-20 00:53:52.136820,1519055632.13682,358.0631501147024
2018-02-20 00:58:52.136820,1519055932.13682,329.7179798869729
2018-02-20 01:03:52.136820,1519056232.13682,333.61801566881996
2018-02-20 01:08:52.136820,1519056532.13682,263.93360458139136
2018-02-20 01:13:52.136820,1519056832.13682,243.4653259991675
2018-02-20 01:18:52.136820,1519057132.13682,278.3113006102312
2018-02-20 01:23:52.136820,1519057432.13682,281.07957506385407
2018-02-20 01:28:52.136820,1519057732.13682,269.28760555839335
2018-02-20 01:33:52.136820,1519058032.13682,284.6210162901756
2018-02-20 01:38:52.136820,1519058332.13682,252.348420840739
2018-02-20 01:43:52.136820,1519058632.13682,265.24528625607843
2018-02-20 01:48:52.136820,1519058932.13682,235.44465547423562
2018-02-20 01:53:52.136820,1519059232.13682,190.67256465909563
2018-02-20 01:58:52.136820,1519059532.13682,183.91728217382143
2018-02-20 02:03:52.136820,1519059832.13682,204.83949924469186
2018-02-20 02:08:52.136820,1519060132.13682,205.71304383158548
2018-02-20 02:13:52.136820,1519060432.13682,193.31424324269958
2018-02-20 02:18:52.136820,1519060732.13682,159.60407850111727
2018-02-20 02:23:52.136820,1519061032.13682,163.57614473969377
2018-02-20 02:28:52.136820,1519061332.13682,137.33254093265185
2018-02-20 02:33:52.136820,1519061632.13682,112.69180298340733
2018-02-20 02:38:52.136820,1519061932.13682,126.50361307717523
2018-02-20 02:43:52.136820,1519062232.13682,95.62472312076349
2018-02-20 02:48:52.136820,1519062532.13682,104.09904481158357
2018-02-20 02:53:52.136820,1519062832.13682,97.02793708992037
2018-02-20 02:58:52.136820,1519063132.13682,61.59853964809438
2018-02-20 03:03:52.136820,1519063432.13682,70.84460982756129
2018-02-20 03:08:52.136820,1519063732.13682,54.64653167830289
2018-02-20 03:13:52.136820,1519064032.13682,39.83555702042075
2018-02-20 03:18:52.136820,1519064332.13682,26.253922614900045
2018-02-20 03:23:52.136820,1519064632.13682,20.09870348075434
2018-02-20 03:28:52.136820,1519064932.13682,8.394886471791692
2018-02-20 03:33:52.136820,1519065232.13682,0.0
2018-02-20 03:38:52.136820,1519065532.13682,10.413911691847916
2018-02-20 03:43:52.136820,1519065832.13682,24.26246008950931
2018-02-20 03:48:52.136820,1519066132.13682,27.927324388438965
2018-02-20 03:53:52.136820,1519066432.13682,49.0312817219863
2018-02-20 03:58:52.136820,1519066732.13682,42.84903540667935
2018-02-20 04:03:52.136820,1519067032.13682,71.2510385022136
2018-02-20 04:08:52.136820,1519067332.13682,77.3254991414058
2018-02-20 04:13:52.136820,1519067632.13682,98.99987484370726
2018-02-20 04:18:52.136820,1519067932.13682,80.20138720720668
2018-02-20 04:23:52.136820,1519068232.13682,120.81247116623183
2018-02-20 04:28:52.136820,1519068532.13682,133.11652729278268
2018-02-20 04:33:52.136820,1519068832.13682,131.54426012824348
2018-02-20 04:38:52.136820,1519069132.13682,154.87964217905164
2018-02-20 04:43:52.136820,1519069432.13682,149.69255811071216
2018-02-20 04:48:52.136820,1519069732.13682,128.07571213599752
2018-02-20 04:53:52.136820,1519070032.13682,186.2488185557421
2018-02-20 04:58:52.136820,1519070332.13682,172.06458155278816
2018-02-20 05:03:52.136820,1519070632.13682,164.50411034574978
2018-02-20 05:08:52.136820,1519070932.13682,189.72005012707405
2018-02-20 05:13:52.136820,1519071232.13682,179.08391261236454
2018-02-20 05:18:52.136820,1519071532.13682,226.5517185461665
2018-02-20 05:23:52.136820,1519071832.13682,198.08601980603638
2018-02-20 05:28:52.136820,1519072132.13682,224.51240960197384
2018-02-20 05:33:52.136820,1519072432.13682,209.92132626948612
2018-02-20 05:38:52.136820,1519072732.13682,273.0311253546682
2018-02-20 05:43:52.136820,1519073032.13682,286.8064430227364
2018-02-20 05:48:52.136820,1519073332.13682,236.4912910810902
2018-02-20 05:53:52.136820,1519073632.13682,289.08375461431916
2018-02-20 05:58:52.136820,1519073932.13682,285.7009221679755
2018-02-20 06:03:52.136820,1519074232.13682,264.84840330980575
2018-02-20 06:08:52.136820,1519074532.13682,356.1059370102666
2018-02-20 06:13:52.136820,1519074832.13682,364.14431735257523
2018-02-20 06:18:52.136820,1519075132.13682,289.5717558804634
2018-02-20 06:23:52.136820,1519075432.13682,314.2675685787961
2018-02-20 06:28:52.136820,1519075732.13682,314.9693251465954
2018-02-20 06:33:52.136820,1519076032.13682,348.63949983385527
2018-02-20 06:38:52.136820,1519076332.13682,414.7427236667334
2018-02-20 06:43:52.136820,1519076632.13682,359.6110961843874
2018-02-20 06:48:52.136820,1519076932.13682,436.9940675384232
2018-02-20 06:53:52.136820,1519077232.13682,416.1796676664542
2018-02-20 06:58:52.136820,1519077532.13682,382.1748806967103
2018-02-20 07:03:52.136820,1519077832.13682,374.7926984901735
2018-02-20 07:08:52.136820,1519078132.13682,455.24205689625745
2018-02-20 07:13:52.136820,1519078432.13682,413.4732502021553
2018-02-20 07:18:52.136820,1519078732.13682,409.4585372861761
2018-02-20 07:23:52.136820,1519079032.13682,490.3087102884191
2018-02-20 07:28:52.136820,1519079332.13682,434.1217136167002
2018-02-20 07:33:52.136820,1519079632.13682,398.0866038801939
2018-02-20 07:38:52.136820,1519079932.13682,413.97560096783104
2018-02-20 07:43:52.136820,1519080232.13682,427.74572255450175
2018-02-20 07:48:52.136820,1519080532.13682,413.61466534209796
2018-02-20 07:53:52.136820,1519080832.13682,428.9261536216651
2018-02-20 07:58:52.136820,1519081132.13682,494.0572649408888
2018-02-20 08:03:52.136820,1519081432.13682,445.92572800129847
2018-02-20 08:08:52.136820,1519081732.13682,515.9923492046851
2018-02-20 08:13:52.136820,1519082032.13682,419.13803350945363
2018-02-20 08:18:52.136820,1519082332.13682,405.13020333511986
2018-02-20 08:23:52.136820,1519082632.13682,444.55554489248414
2018-02-20 08:28:52.136820,1519082932.13682,440.70214146135885
2018-02-20 08:33:52.136820,1519083232.13682,582.8489579173317
2018-02-20 08:38:52.136820,1519083532.13682,536.6387640739038
2018-02-20 08:43:52.136820,1519083832.13682,596.8560868310058
2018-02-20 08:48:52.136820,1519084132.13682,497.97382215729135
2018-02-20 08:53:52.136820,1519084432.13682,509.1236137266464
2018-02-20 08:58:52.136820,1519084732.13682,510.12309836299573
2018-02-20 09:03:52.136820,1519085032.13682,537.3843679594606
2018-02-20 09:08:52.136820,1519085332.13682,532.6438710486033
2018-02-20 09:13:52.136820,1519085632.13682,601.4885552332075
2018-02-20 09:18:52.136820,1519085932.13682,573.7760545843504
2018-02-20 09:23:52.136820,1519086232.13682,470.10055452231074
2018-02-20 09:28:52.136820,1519086532.13682,545.3422377656672
2018-02-20 09:33:52.136820,1519086832.13682,568.4265984662826
2018-02-20 09:38:52.136820,1519087132.13682,625.9732261044044
2018-02-20 09:43:52.136820,1519087432.13682,531.2020555638086
2018-02-20 09:48:52.136820,1519087732.13682,515.3049920494796
2018-02-20 09:53:52.136820,1519088032.13682,644.8149885350781
2018-02-20 09:58:52.136820,1519088332.13682,524.3418298167849
2018-02-20 10:03:52.136820,1519088632.13682,574.608176911333
2018-02-20 10:08:52.136820,1519088932.13682,629.3004658063995
2018-02-20 10:13:52.136820,1519089232.13682,551.0857482295345
2018-02-20 10:18:52.136820,1519089532.13682,543.8191081040992
2018-02-20 10:23:52.136820,1519089832.13682,678.2917549673864
2018-02-20 10:28:52.136820,1519090132.13682,540.111005308
2018-02-20 10:33:52.136820,1519090432.13682,527.7874158494498
2018-02-20 10:38:52.136820,1519090732.13682,633.1508802908983
2018-02-20 10:43:52.136820,1519091032.13682,595.696163613293
2018-02-20 10:48:52.136820,1519091332.13682,482.2749535236934
2018-02-20 10:53:52.136820,1519091632.13682,651.704546343684
2018-02-20 10:58:52.136820,1519091932.13682,716.0265979774746
2018-02-20 11:03:52.136820,1519092232.13682,699.9929578947617
2018-02-20 11:08:52.136820,1519092532.13682,700.1799052946432
2018-02-20 11:13:52.136820,1519092832.13682,545.038923942437
2018-02-20 11:18:52.136820,1519093132.13682,559.5170572251379
2018-02-20 11:23:52.136820,1519093432.13682,602.1555812072055
2018-02-20 11:28:52.136820,1519093732.13682,492.0462726161313
2018-02-20 11:33:52.136820,1519094032.13682,634.7172594098835
2018-02-20 11:38:52.136820,1519094332.13682,578.6513030931253
2018-02-20 11:43:52.136820,1519094632.13682,508.44996239153403
2018-02-20 11:48:52.136820,1519094932.13682,564.7790059876194
2018-02-20 11:53:52.136820,1519095232.13682,647.8196545953119
2018-02-20 11:58:52.136820,1519095532.13682,603.2507602397549
2018-02-20 12:03:52.136820,1519095832.13682,566.219977404389
2018-02-20 12:08:52.136820,1519096132.13682,650.2453404548688
2018-02-20 12:13:52.136820,1519096432.13682,645.1321919292571
2018-02-20 12:18:52.136820,1519096732.13682,679.573093163157
2018-02-20 12:23:52.136820,1519097032.13682,503.97105654151846
2018-02-20 12:28:52.136820,1519097332.13682,638.0265628050432
2018-02-20 12:33:52.136820,1519097632.13682,581.8769638160446
2018-02-20 12:38:52.136820,1519097932.13682,632.9878900773859
2018-02-20 12:43:52.136820,1519098232.13682,614.1059230746279
2018-02-20 12:48:52.136820,1519098532.13682,557.6933971206626
2018-02-20 12:53:52.136820,1519098832.13682,466.10480197783164
2018-02-20 12:58:52.136820,1519099132.13682,589.1869257149303
2018-02-20 13:03:52.136820,1519099432.13682,476.45294946556237
2018-02-20 13:08:52.136820,1519099732.13682,573.3217324628872
2018-02-20 13:13:52.136820,1519100032.13682,521.1579098455649
2018-02-20 13:18:52.136820,1519100332.13682,554.4972717691674
2018-02-20 13:23:52.136820,1519100632.13682,440.18761528847756
2018-02-20 13:28:52.136820,1519100932.13682,495.30997029399776
2018-02-20 13:33:52.136820,1519101232.13682,474.9182554078911
2018-02-20 13:38:52.136820,1519101532.13682,556.2178866241792
2018-02-20 13:43:52.136820,1519101832.13682,444.0849531890735
2018-02-20 13:48:52.136820,1519102132.13682,590.6124588191807
2018-02-20 13:53:52.136820,1519102432.13682,552.4305088533117
2018-02-20 13:58:52.136820,1519102732.13682,473.8382680009582
2018-02-20 14:03:52.136820,1519103032.13682,479.24655007601604
2018-02-20 14:08:52.136820,1519103332.13682,531.9905265488966
2018-02-20 14:13:52.136820,1519103632.13682,510.3716906187818
2018-02-20 14:18:52.136820,1519103932.13682,551.8372020670497
2018-02-20 14:23:52.136820,1519104232.13682,442.1262090921381
2018-02-20 14:28:52.136820,1519104532.13682,489.9340135869302
2018-02-20 14:33:52.136820,1519104832.13682,450.6199288572025
2018-02-20 14:38:52.136820,1519105132.13682,516.0548590127592
2018-02-20 14:43:52.136820,1519105432.13682,456.34244376084877
2018-02-20 14:48:52.136820,1519105732.13682,488.98412826656016
2018-02-20 14:53:52.136820,1519106032.13682,374.8062138606483
2018-02-20 14:58:52.136820,1519106332.13682,450.71342335200217
2018-02-20 15:03:52.136820,1519106632.13682,355.60881046802365
2018-02-20 15:08:52.136820,1519106932.13682,367.7850643525027
2018-02-20 15:13:52.136820,1519107232.13682,385.61117582052754
2018-02-20 15:18:52.136820,1519107532.13682,346.64449582689235
2018-02-20 15:23:52.136820,1519107832.13682,380.8233346373987
2018-02-20 15:28:52.136820,1519108132.13682,383.79337356879756
2018-02-20 15:33:52.136820,1519108432.13682,411.7788046197003
2018-02-20 15:38:52.136820,1519108732.13682,281.5585611779912
2018-02-20 15:43:52.136820,1519109032.13682,293.3914062052559
2018-02-20 15:48:52.136820,1519109332.13682,343.48722190487734
2018-02-20 15:53:52.136820,1519109632.13682,354.2725167295747
2018-02-20 15:58:52.136820,1519109932.13682,311.33740176580807
2018-02-20 16:03:52.136820,1519110232.13682,274.85114140972047
2018-02-20 16:08:52.136820,1519110532.13682,292.3129393646119
2018-02-20 16:13:52.136820,1519110832.13682,304.8740469002372
2018-02-20 16:18:52.136820,1519111132.13682,282.31624878624854
2018-02-20 16:23:52.136820,1519111432.13682,260.00535810887936
2018-02-20 16:28:52.136820,1519111732.13682,301.4489518599421
2018-02-20 16:33:52.136820,1519112032.13682,285.4692096403804
2018-02-20 16:38:52.136820,1519112332.13682,192.54849682425237
2018-02-20 16:43:52.136820,1519112632.13682,183.49785714392416
2018-02-20 16:48:52.136820,1519112932.13682,191.64437771061287
2018-02-20 16:53:52.136820,1519113232.13682,203.1524459905544
2018-02-20 16:58:52.136820,1519113532.13682,162.77276572529652
2018-02-20 17:03:52.136820,1519113832.13682,214.53321318530894
2018-02-20 17:08:52.136820,1519114132.13682,180.56494470110007
2018-02-20 17:13:52.136820,1519114432.13682,135.60980766312866
2018-02-20 17:18:52.136820,1519114732.13682,149.42750557237568
2018-02-20 17:23:52.136820,1519115032.13682,125.45943304970949
2018-02-20 17:28:52.136820,1519115332.13682,149.9268819857643
2018-02-20 17:33:52.136820,1519115632.13682,128.00251547480067
2018-02-20 17:38:52.136820,1519115932.13682,128.47949044014214
2018-02-20 17:43:52.136820,1519116232.13682,109.59436095729336
2018-02-20 17:48:52.136820,1519116532.13682,81.53396702914137
2018-02-20 17:53:52.136820,1519116832.13682,67.87993723237517
2018-02-20 17:58:52.136820,1519117132.13682,79.00012554553223
2018-02-20 18:03:52.136820,1519117432.13682,69.04275228938836
2018-02-20 18:08:52.136820,1519117732.13682,59.065836643054666
2018-02-20 18:13:52.136820,1519118032.13682,40.40701566880355
2018-02-20 18:18:52.136820,1519118332.13682,25.58995006589973
2018-02-20 18:23:52.136820,1519118632.13682,20.91497985558137
2018-02-20 18:28:52.136820,1519118932.13682,9.58938093389915
2018-02-20 18:33:52.136820,1519119232.13682,0.0
2018-02-20 18:38:52.136820,1519119532.13682,11.585029228800458
2018-02-20 18:43:52.136820,1519119832.13682,18.9919845597147
2018-02-20 18:48:52.136820,1519120132.13682,31.051178116072712
2018-02-20 18:53:52.136820,1519120432.13682,47.10487572910528
2018-02-20 18:58:52.136820,1519120732.13682,49.86066734737423
2018-02-20 19:03:52.136820,1519121032.13682,71.57226782291205
2018-02-20 19:08:52.136820,1519121332.13682,76.62651269247274
2018-02-20 19:13:52.136820,1519121632.13682,83.04228157781718
2018-02-20 19:18:52.136820,1519121932.13682,83.69151350256463
2018-02-20 19:23:52.136820,1519122232.13682,93.84814500878011
2018-02-20 19:28:52.136820,1519122532.13682,97.16044500903637
2018-02-20 19:33:52.136820,1519122832.13682,140.0263783233693
2018-02-20 19:38:52.136820,1519123132.13682,108.10298981138075
2018-02-20 19:43:52.136820,1519123432.13682,159.01496818631273
2018-02-20 19:48:52.136820,1519123732.13682,183.41896983477451
2018-02-20 19:53:52.136820,1519124032.13682,178.02258210758632
2018-02-20 19:58:52.136820,1519124332.13682,174.39816731539025
2018-02-20 20:03:52.136820,1519124632.13682,188.51621302964364
2018-02-20 20:08:52.136820,1519124932.13682,226.77096045515717
2018-02-20 20:13:52.136820,1519125232.13682,231.28140846579987
2018-02-20 20:18:52.136820,1519125532.13682,236.86461062297283
2018-02-20 20:23:52.136820,1519125832.13682,243.9320145911405
2018-02-20 20:28:52.136820,1519126132.13682,263.0576996898865
2018-02-20 20:33:52.136820,1519126432.13682,221.7401440216544
2018-02-20 20:38:52.136820,1519126732.13682,294.7657033723111
2018-02-20 20:43:52.136820,1519127032.13682,297.8312903170487
2018-02-20 20:48:52.136820,1519127332.13682,312.2618329937299
2018-02-20 20:53:52.136820,1519127632.13682,297.6870773931811
2018-02-20 20:58:52.136820,1519127932.13682,288.9672211032642
2018-02-20 21:03:52.136820,1519128232.13682,345.2104504939803
2018-02-20 21:08:52.136820,1519128532.13682,347.72147673829005
2018-02-20 21:13:52.136820,1519128832.13682,375.2974549769075
2018-02-20 21:18:52.136820,1519129132.13682,268.32420788101956
2018-02-20 21:23:52.136820,1519129432.13682,289.8847084988532
2018-02-20 21:28:52.136820,1519129732.13682,387.77909779924994
2018-02-20 21:33:52.136820,1519130032.13682,401.06220444507676
2018-02-20 21:38:52.136820,1519130332.13682,292.2367068413946
2018-02-20 21:43:52.136820,1519130632.13682,345.3441776752024
2018-02-20 21:48:52.136820,1519130932.13682,347.83106359242373
2018-02-20 21:53:52.136820,1519131232.13682,445.7456746244303
2018-02-20 21:58:52.136820,1519131532.13682,400.60783302869896
2018-02-20 22:03:52.136820,1519131832.13682,434.91165397036696
2018-02-20 22:08:52.136820,1519132132.13682,455.22278434760483
2018-02-20 22:13:52.136820,1519132432.13682,392.32507867196654
2018-02-20 22:18:52.136820,1519132732.13682,475.7996845614714
2018-02-20 22:23:52.136820,1519133032.13682,429.65775473277535
2018-02-20 22:28:52.136820,1519133332.13682,516.2644557636174
2018-02-20 22:33:52.136820,1519133632.13682,473.42261729817267
2018-02-20 22:38:52.136820,1519133932.13682,371.340466213322
2018-02-20 22:43:52.136820,1519134232.13682,540.6198474321408
2018-02-20 22:48:52.136820,1519134532.13682,388.8229240290452
2018-02-20 22:53:52.136820,1519134832.13682,485.5430131354378
2018-02-20 22:58:52.136820,1519135132.13682,400.7215261983506
2018-02-20 23:03:52.136820,1519135432.13682,493.6777502194174
2018-02-20 23:08:52.136820,1519135732.13682,582.3920913567505
2018-02-20 23:13:52.136820,1519136032.13682,476.5870192901459
2018-02-20 23:18:52.136820,1519136332.13682,510.6159405624284
2018-02-20 23:23:52.136820,1519136632.13682,518.338862580136
2018-02-20 23:28:52.136820,1519136932.13682,543.679357839407
2018-02-20 23:33:52.136820,1519137232.13682,468.36805079267145
2018-02-20 23:38:52.136820,1519137532.13682,480.00908834917175
2018-02-20 23:43:52.136820,1519137832.13682,466.3655211341984
2018-02-20 23:48:52.136820,1519138132.13682,436.79514316568816
2018-02-20 23:53:52.136820,1519138432.13682,523.749264366944
2018-02-20 23:58:52.136820,1519138732.13682,569.238328663179
2018-02-21 00:03:52.136820,1519139032.13682,441.61829379422846
2018-02-21 00:08:52.136820,1519139332.13682,453.79684228930273
2018-02-21 00:13:52.136820,1519139632.13682,637.5849107853616
2018-02-21 00:18:52.136820,1519139932.13682,466.2671983612278
2018-02-21 00:23:52.136820,1519140232.13682,562.4324842504172
2018-02-21 00:28:52.136820,1519140532.13682,499.2479024619206
2018-02-21 00:33:52.136820,1519140832.13682,558.9195716877006
2018-02-21 00:38:52.136820,1519141132.13682,628.6808000750768
2018-02-21 00:43:52.136820,1519141432.13682,521.2376256693553
2018-02-21 00:48:52.136820,1519141732.13682,489.19060299742046
2018-02-21 00:53:52.136820,1519142032.13682,530.1292375288504
2018-02-21 00:58:52.136820,1519142332.13682,468.68072169668864
2018-02-21 01:03:52.136820,1519142632.13682,652.7623573425126
2018-02-21 01:08:52.136820,1519142932.13682,511.6271715463135
2018-02-21 01:13:52.136820,1519143232.13682,592.7146387261752
2018-02-21 01:18:52.136820,1519143532.13682,611.0095747891991
2018-02-21 01:23:52.136820,1519143832.13682,692.8157493316652
2018-02-21 01:28:52.136820,1519144132.13682,616.268065778909
2018-02-21 01:33:52.136820,1519144432.13682,512.7448620162268
2018-02-21 01:38:52.136820,1519144732.13682,595.8677718795695
2018-02-21 01:43:52.136820,1519145032.13682,599.7667778482784
2018-02-21 01:48:52.136820,1519145332.13682,563.8137171769175
2018-02-21 01:53:52.136820,1519145632.13682,690.5216249426376
2018-02-21 01:58:52.136820,1519145932.13682,594.8885314088542
2018-02-21 02:03:52.136820,1519146232.13682,682.4722571932447
2018-02-21 02:08:52.136820,1519146532.13682,697.7164143884172
2018-02-21 02:13:52.136820,1519146832.13682,616.5411831575682
2018-02-21 02:18:52.136820,1519147132.13682,565.6292719613716
2018-02-21 02:23:52.136820,1519147432.13682,575.9362940954852
2018-02-21 02:28:52.136820,1519147732.13682,480.65363801734645
2018-02-21 02:33:52.136820,1519148032.13682,490.92898711005137
2018-02-21 02:38:52.136820,1519148332.13682,570.5984057308018
2018-02-21 02:43:52.136820,1519148632.13682,507.42902891777027
2018-02-21 02:48:52.136820,1519148932.13682,549.9708769414684
